<Ui xmlns="http://www.blizzard.com/wow/ui/">
	<Script file='Cursor/Cooldown.lua'/>
	<Script file='Cursor/Cursor.lua'/>
	<Script file='Chat/Fade.lua'/>
	<Script file='Chat/LootIcon.lua'/>
	<Script file='Chat/Misc.lua'/>
	<Script file='Misc/AFK.lua'/>
	<Script file='Misc/CombatEvents.lua'/>
	<Script file='Misc/DynamicFunctions.lua'/>
	<Script file='Misc/EltruismDatatext.lua'/>
	<Script file='Misc/InstantLoot.lua'/>
	<Script file='Misc/Instances.lua'/>
	<Script file='Misc/LootText.lua'/>
	<Script file='Misc/PartyRaid.lua'/>
	<Script file='Misc/Quests.lua'/>
	<Script file='Misc/QuestItem.lua'/>
	<Script file='Misc/Screenshot.lua'/>
	<Script file='Nameplates/Nameplates.lua'/>
	<Script file='Nameplates/PowerBar.lua'/>
	<Script file='Skins/Actionbars.lua'/>
	<Script file='Skins/Animations.lua'/>
	<Script file='Skins/Borders.lua'/>
	<Script file='Skins/CharacterPanelIcons.lua'/>
	<Script file='Skins/CharacterPanelSkin.lua'/>
	<Script file='Skins/DarkLightColors.lua'/>
	<Script file='Skins/ExpandedStable.lua'/>
	<Script file='Skins/ExpandedTalents.lua'/>
	<Script file='Skins/ItemLevels.lua'/>
	<Script file='Skins/LevelUp.lua'/>
	<Script file='Skins/Quests.lua'/>
	<Script file='Skins/Shadows.lua'/>
	<Script file='Skins/Sockets.lua'/>
	<Script file='Skins/Stealth.lua'/>
	<Script file='Skins/Unitframes.lua'/>
	<Script file='Skins/WiderTransmog.lua'/>
	<Script file='Fonts/CustomFont.lua'/>
	<Script file='Fonts/CrystalzcuheiGBK.lua'/>
	<Script file='Fonts/Exo2.lua'/>
	<Script file='Fonts/Gotham.lua'/>
	<Script file='Fonts/Kimberley.lua'/>
	<Script file='Fonts/Roboto.lua'/>
	<Script file='Fonts/OutlineDefault.lua'/>
	<Script file='Fonts/OutlineNone.lua'/>
	<Script file='Fonts/OutlineOutline.lua'/>
	<Script file='Fonts/OutlineThick.lua'/>
</Ui>
