<Ui xmlns="http://www.blizzard.com/wow/ui/">
	<Script file='AddOnSkins.lua'/>
	<Script file='BigWigs.lua'/>
	<Script file='BattleGroundEnemies.lua'/>
	<Script file='Capping.lua'/>
	<Script file='DBM.lua'/>
	<Script file='Details.lua'/>
	<Script file='DynamicCam.lua'/>
	<Script file='MRT.lua'/>
	<Script file='FCT.lua'/>
	<Script file='GladiusEx.lua'/>
	<Script file='Gladdy.lua'/>
	<Script file='Gladius.lua'/>
	<Script file='Immersion.lua'/>
	<Script file='NameplateSCT.lua'/>
	<Script file='ProjectAzilroka.lua'/>
	<Script file='Questie.lua'/>
	<Script file='ShadowAndLight.lua'/>
	<Script file='WindTools.lua'/>
</Ui>
